name,literacyRate,digitalInfrastructure,investment,year,id,population,gdp,index
Algeria,81.4078369140625,36.1533634554322,8.749947622939544,2014,DZA,38923687.0,238942664192.59,42.1
Algeria,81.4078369140625,40.1195912802786,1e-10,2015,DZA,39728025.0,187493855609.345,40.51
Algeria,81.4078369140625,44.1946399036464,16.492662206163747,2016,DZA,40551404.0,180763839522.151,47.37
Algeria,81.4078369140625,50.792043479521695,20.83322070829892,2017,DZA,41389198.0,189880896903.073,51.01
Algeria,81.4078369140625,50.5139713264629,1e-10,2018,DZA,42228429.0,194554483655.528,43.97
Algeria,81.4078369140625,48.8746003729294,1e-10,2019,DZA,43053000.0,193459662090.677,43.43
Algeria,81.4078369140625,52.0287369710549,30.386939305367893,2020,DZA,1e-10,164873415325.201,54.61
Algeria,81.4078369140625,51.12123062185909,58.38515863643845,2021,DZA,1e-10,186231205262.082,63.64
Algeria,81.4078369140625,54.8884934137803,67.20485185054336,2022,DZA,1e-10,225638456572.143,67.83
Algeria,81.4078369140625,54.50378186120041,21.22545541574373,2023,DZA,1e-10,247626161016.414,52.38
Algeria,1e-10,1e-10,1e-10,2024,DZA,1e-10,1e-10,0.0
Angola,66.0301132202148,29.3749531286828,1e-10,2014,AGO,26941779.0,135966802586.713,31.8
Angola,66.8263492584229,31.169063205860205,1e-10,2015,AGO,27884381.0,90496420506.5957,32.67
Angola,67.6225852966309,35.5097848265412,1e-10,2016,AGO,28842484.0,52761617225.9253,34.38
Angola,68.4188213348389,38.3820839437039,1e-10,2017,AGO,29816748.0,73690154990.7312,35.6
Angola,69.2150573730469,39.6785532946941,1e-10,2018,AGO,30809762.0,79450688259.3664,36.3
Angola,70.0112934112549,38.2063714569427,1e-10,2019,AGO,31825000.0,70897962732.0277,36.07
Angola,70.8075294494629,39.3771452180659,1e-10,2020,AGO,1e-10,48501561203.5686,36.73
Angola,71.6037654876709,43.4920392617368,27.574387275731986,2021,AGO,1e-10,66505129987.7235,47.56
Angola,72.4000015258789,44.5251634006906,1e-10,2022,AGO,1e-10,104399746853.401,38.98
Angola,72.4000015258789,44.0496268983339,1e-10,2023,AGO,1e-10,84824654481.7249,38.82
Angola,1e-10,1e-10,1e-10,2024,AGO,1e-10,1e-10,0.0
Benin,42.4,21.9023318818368,1e-10,2014,BEN,10286842.0,13284527850.2632,21.43
Benin,42.4,23.6674069396715,1e-10,2015,BEN,10575952.0,11388160997.1089,22.02
Benin,42.4,25.515237812353796,1e-10,2016,BEN,10872067.0,11821065852.1271,22.64
Benin,42.4,31.1947844027677,1e-10,2017,BEN,11175204.0,12701655845.9612,24.53
Benin,42.4,38.3320573438204,1e-10,2018,BEN,11485048.0,14262408079.7014,26.91
Benin,43.5749996185303,34.947384550392,1e-10,2019,BEN,11801000.0,14391686309.033,26.17
Benin,44.7499992370605,36.8078724545953,1e-10,2020,BEN,1e-10,15651545208.8783,27.19
Benin,45.9249988555908,39.8057797592773,1e-10,2021,BEN,1e-10,17690083519.9323,28.58
Benin,47.0999984741211,41.024998116198,10.303616299399195,2022,BEN,1e-10,17401746309.2655,32.81
Benin,47.0999984741211,39.075005119095,1e-10,2023,BEN,1e-10,19676049075.7011,28.73
Benin,1e-10,1e-10,1e-10,2024,BEN,1e-10,1e-10,0.0
Botswana,85.0,39.0126647004136,49.632371867991104,2014,BWA,2088614.0,15470088500.7414,57.88
Botswana,85.0,40.829355513884,48.06824801729489,2015,BWA,2120716.0,13530748844.505,57.97
Botswana,85.0,45.5812964169505,47.537650996818954,2016,BWA,2159944.0,15082637184.0496,59.37
Botswana,85.0,50.40930089011489,71.57210260255174,2017,BWA,2205128.0,16105155856.7708,68.99
Botswana,85.0,52.80088202294251,1e-10,2018,BWA,2254126.0,17031943186.1353,45.93
Botswana,85.0,53.41390961896559,51.619234580492645,2019,BWA,2304000.0,16725908148.5481,63.34
Botswana,85.0,57.5222714267276,1e-10,2020,BWA,1e-10,14960291105.9316,47.51
Botswana,85.0,58.58173587180641,49.35209426836461,2021,BWA,1e-10,18750946600.1423,64.31
Botswana,85.0,57.7901614442298,1e-10,2022,BWA,1e-10,20321958850.0363,47.6
Botswana,85.0,60.0768896621338,19.052167126233982,2023,BWA,1e-10,19396084498.0084,54.71
Botswana,1e-10,1e-10,69.5858590645078,2024,BWA,1e-10,1e-10,23.2
Burkina Faso,34.5993995666504,20.9062961962621,1e-10,2014,BFA,17586017.0,13943016076.7436,18.5
Burkina Faso,35.7860126495361,22.0842254067759,1e-10,2015,BFA,18110624.0,11832159315.6298,19.29
Burkina Faso,36.9726257324219,21.8394240641082,56.522683136422295,2016,BFA,18646378.0,12833363045.3367,38.44
Burkina Faso,38.1592388153076,24.5942979480955,1e-10,2017,BFA,19193284.0,14106955615.3442,20.92
Burkina Faso,39.3458518981934,30.277721207331705,1e-10,2018,BFA,19751535.0,15890066221.2882,23.21
Burkina Faso,29.6632804870606,27.3564912103261,1e-10,2019,BFA,20321000.0,16032813503.3707,19.01
Burkina Faso,31.2721875508626,28.8446867662724,1e-10,2020,BFA,1e-10,17725010532.5268,20.04
Burkina Faso,32.8810946146647,28.6801475404656,1e-10,2021,BFA,1e-10,19697516284.3787,20.52
Burkina Faso,34.4900016784668,31.2939399778299,1e-10,2022,BFA,1e-10,18820218690.5948,21.93
Burkina Faso,34.4900016784668,31.2442989741005,1e-10,2023,BFA,1e-10,20324617844.5265,21.91
Burkina Faso,1e-10,1e-10,63.108334190779594,2024,BFA,1e-10,1e-10,21.04
Burundi,61.5134887695313,15.7588849316567,1e-10,2014,BDI,9844297.0,2705783329.80483,25.76
Burundi,63.8007685343425,20.5809640751191,1e-10,2015,BDI,10160030.0,3104003546.26497,28.13
Burundi,66.0880482991536,25.861579776157402,1e-10,2016,BDI,10487998.0,2644487776.50077,30.65
Burundi,68.3753280639648,27.207402608362504,1e-10,2017,BDI,10827024.0,2723586962.84034,31.86
Burundi,69.8082626342773,26.602442534005398,1e-10,2018,BDI,11175378.0,2667182199.51333,32.14
Burundi,71.2411972045899,22.2614018575494,1e-10,2019,BDI,11531000.0,2576518879.82353,31.17
Burundi,72.6741317749023,22.4542564175629,64.16894123921678,2020,BDI,1e-10,2649680261.44299,53.1
Burundi,74.1070663452148,22.3881890784397,1e-10,2021,BDI,1e-10,2775798697.46022,32.17
Burundi,75.5400009155273,22.9351231991946,1e-10,2022,BDI,1e-10,3338722827.65691,32.83
Burundi,75.5400009155273,24.7982703105868,70.88574681778645,2023,BDI,1e-10,2642161668.85211,57.07
Burundi,1e-10,1e-10,80.52385227029384,2024,BDI,1e-10,1e-10,26.84
Cabo Verde,86.7902908325195,37.3025805541738,1e-10,2014,CPV,518269.0,2041930125.42979,41.36
Cabo Verde,86.7902908325195,39.9612089059814,1e-10,2015,CPV,524743.0,1749857620.35329,42.25
Cabo Verde,87.3916778564453,43.870926289065,1e-10,2016,CPV,531146.0,1849789992.7426,43.75
Cabo Verde,87.9930648803711,45.2857849355496,1e-10,2017,CPV,537497.0,1996741544.61574,44.43
Cabo Verde,88.5944519042969,47.1742823906337,1e-10,2018,CPV,543767.0,2205099509.15987,45.26
Cabo Verde,89.1958389282227,52.7569707289755,1e-10,2019,CPV,550000.0,2252177133.74705,47.32
Cabo Verde,89.7972259521484,51.9401225968308,1e-10,2020,CPV,1e-10,1821565617.6945,47.25
Cabo Verde,90.3986129760742,51.4002736307434,1e-10,2021,CPV,1e-10,2051842609.64558,47.27
Cabo Verde,91.0,55.05987373545981,1e-10,2022,CPV,1e-10,2247003347.63376,48.69
Cabo Verde,91.0,55.628199941547194,1e-10,2023,CPV,1e-10,2533819406.4916,48.88
Cabo Verde,1e-10,1e-10,1e-10,2024,CPV,1e-10,1e-10,0.0
Cameroon,77.0710372924805,32.3511550213955,1e-10,2014,CMR,22681858.0,36386544706.0806,36.47
Cameroon,77.0710372924805,33.8315986674476,44.54128447580353,2015,CMR,23298368.0,32210233020.4569,51.81
Cameroon,77.0710372924805,37.516068590736,34.13225441897674,2016,CMR,23926539.0,33814337044.3765,49.57
Cameroon,77.0710372924805,41.97790485222,1e-10,2017,CMR,24566045.0,36098547033.1655,39.68
Cameroon,77.0710372924805,48.7913899781052,38.90478861829384,2018,CMR,25216237.0,39955552189.795,54.92
Cameroon,77.650520324707,47.5850044796057,44.344235249581324,2019,CMR,25876000.0,39667757527.6578,56.53
Cameroon,78.2300033569336,47.4106259823317,48.774919364455286,2020,CMR,1e-10,40773241177.0505,58.14
Cameroon,78.2300033569336,48.8028224147104,56.23762446813583,2021,CMR,1e-10,45011937346.8384,61.09
Cameroon,78.2300033569336,46.3935900502765,34.89178770338462,2022,CMR,1e-10,44347206072.5513,53.17
Cameroon,78.2300033569336,49.0604263123895,38.56159935759899,2023,CMR,1e-10,49279410982.826,55.28
Cameroon,1e-10,1e-10,56.54260403878618,2024,CMR,1e-10,1e-10,18.85
Central African Republic,37.3958206176758,18.0372807460685,1e-10,2014,CAF,4464175.0,1894813389.40325,18.48
Central African Republic,37.3958206176758,18.3181078690408,1e-10,2015,CAF,4493170.0,1695825714.19282,18.57
Central African Republic,37.3958206176758,19.3225188698899,1e-10,2016,CAF,4537687.0,1825018144.65595,18.91
Central African Republic,37.3958206176758,21.2898440273601,1e-10,2017,CAF,4596028.0,2072349972.6818,19.56
Central African Republic,37.3958206176758,21.5768461743394,1e-10,2018,CAF,4666377.0,2220979146.11241,19.66
Central African Republic,37.4429111480713,21.5798730442711,1e-10,2019,CAF,4745000.0,2221301351.43918,19.67
Central African Republic,37.4900016784668,22.163688420015,1e-10,2020,CAF,1e-10,2326720900.38047,19.88
Central African Republic,37.4900016784668,21.5254414319618,1e-10,2021,CAF,1e-10,2516498412.46384,19.67
Central African Republic,37.4900016784668,22.1467334794915,1e-10,2022,CAF,1e-10,2382618615.01694,19.88
Central African Republic,37.4900016784668,22.4053933036181,1e-10,2023,CAF,1e-10,2555492085.24831,19.97
Central African Republic,1e-10,1e-10,1e-10,2024,CAF,1e-10,1e-10,0.0
Chad,26.0029907226562,11.9441807439883,1e-10,2014,TCD,13663559.0,13940767218.5849,12.65
Chad,26.0029907226562,13.5327945972582,1e-10,2015,TCD,14110975.0,10950392256.9543,13.18
Chad,22.3115501403809,15.332947925278,1e-10,2016,TCD,14561666.0,10097778098.1707,12.55
Chad,23.139625231425,15.392602948499501,1e-10,2017,TCD,15016773.0,10000394381.0177,12.84
Chad,23.9677003224691,17.9250529878311,1e-10,2018,TCD,15477751.0,11239167898.3395,13.96
Chad,24.7957754135132,13.7342641909249,1e-10,2019,TCD,15947000.0,11314951091.7283,12.84
Chad,25.6238505045573,15.2973459529363,1e-10,2020,TCD,1e-10,10715396042.3343,13.64
Chad,26.4519255956014,21.1173101803551,1e-10,2021,TCD,1e-10,11779981332.8631,15.86
Chad,27.2800006866455,25.898597723685,1e-10,2022,TCD,1e-10,12396807588.4082,17.73
Chad,27.2800006866455,24.7254548668773,1e-10,2023,TCD,1e-10,13149325362.3347,17.34
Chad,1e-10,1e-10,53.41655656472549,2024,TCD,1e-10,1e-10,17.81
Comoros,58.8,19.3208023788125,1e-10,2014,COM,759390.0,1149587661.00693,26.04
Comoros,58.8,22.3344790354973,1e-10,2015,COM,777424.0,966029600.862227,27.04
Comoros,58.8,26.1905190990376,1e-10,2016,COM,795592.0,1012835493.19325,28.33
Comoros,58.8,28.275759596057405,1e-10,2017,COM,813892.0,1077439756.59451,29.03
Comoros,58.8,28.6506373992314,1e-10,2018,COM,832322.0,1188797449.38584,29.15
Comoros,59.5274997711182,30.1569908963611,1e-10,2019,COM,851000.0,1195019531.9011,29.89
Comoros,60.2549995422363,29.349342153309998,1e-10,2020,COM,1e-10,1225039196.61091,29.87
Comoros,60.9824993133545,30.2518821098339,1e-10,2021,COM,1e-10,1296089479.91978,30.41
Comoros,61.7099990844727,29.6491099749914,1e-10,2022,COM,1e-10,1242519407.77603,30.45
Comoros,61.7099990844727,31.2932681054726,1e-10,2023,COM,1e-10,1352380971.24055,31.0
Comoros,1e-10,1e-10,1e-10,2024,COM,1e-10,1e-10,0.0
"Congo, Dem. Rep.",77.0426788330078,16.1073236895959,60.03467384380099,2014,COD,73767447.0,35909040925.9375,51.06
"Congo, Dem. Rep.",77.0426788330078,16.951306734144,1e-10,2015,COD,76244544.0,37917706497.1793,31.33
"Congo, Dem. Rep.",77.0426788330078,17.1014873581829,1e-10,2016,COD,78789127.0,37134801555.3322,31.38
"Congo, Dem. Rep.",77.6255658467611,18.9831433738588,1e-10,2017,COD,81398764.0,38019264794.8263,32.2
"Congo, Dem. Rep.",78.2084528605143,20.3107202386387,1e-10,2018,COD,84068091.0,47568210009.8172,32.84
"Congo, Dem. Rep.",78.7913398742676,20.5214503258418,1e-10,2019,COD,86791000.0,51775829877.2088,33.1
"Congo, Dem. Rep.",79.3742268880208,21.0454150887718,31.308910287249265,2020,COD,1e-10,48716961860.1325,43.91
"Congo, Dem. Rep.",79.9571139017741,22.2330692879608,68.63812107038444,2021,COD,1e-10,55328482783.5393,56.94
"Congo, Dem. Rep.",80.5400009155273,24.0371248902501,36.36461224081104,2022,COD,1e-10,65801547619.5815,46.98
"Congo, Dem. Rep.",80.5400009155273,24.8492292900589,39.45654103493857,2023,COD,1e-10,66383287002.9867,48.28
"Congo, Dem. Rep.",1e-10,1e-10,70.92069543821836,2024,COD,1e-10,1e-10,23.64
"Congo, Rep.",80.3,24.2285368102562,1e-10,2014,COG,4736974.0,17919321078.0284,34.84
"Congo, Rep.",80.3,25.5799266989252,1e-10,2015,COG,4856095.0,12434793867.3568,35.29
"Congo, Rep.",80.3,27.7205030625373,1e-10,2016,COG,4980999.0,10931328150.8478,36.01
"Congo, Rep.",80.3,33.613105996856,1e-10,2017,COG,5110702.0,11834473039.3645,37.97
"Congo, Rep.",80.3,37.7936445469376,1e-10,2018,COG,5244363.0,14773900288.5135,39.36
"Congo, Rep.",80.4033335367838,38.0007023864557,1e-10,2019,COG,5381000.0,13976637779.9763,39.47
"Congo, Rep.",80.5066670735677,34.8705733127418,1e-10,2020,COG,1e-10,11468687464.0046,38.46
"Congo, Rep.",80.6100006103516,39.1114182865552,1e-10,2021,COG,1e-10,14825690210.9157,39.91
"Congo, Rep.",80.6100006103516,33.1786085861396,1e-10,2022,COG,1e-10,15817030154.6941,37.93
"Congo, Rep.",80.6100006103516,34.4288103247862,66.31125818836921,2023,COG,1e-10,15321055822.5167,60.45
"Congo, Rep.",1e-10,1e-10,1e-10,2024,COG,1e-10,1e-10,0.0
Cote d'Ivoire,43.9084205627441,29.1315327189386,1e-10,2014,CIV,22647683.0,48843005613.7091,24.35
Cote d'Ivoire,44.7313154220581,32.7565486907079,1e-10,2015,CIV,23226143.0,45815005169.2651,25.83
Cote d'Ivoire,45.5542102813721,37.3885437251093,73.12656246130612,2016,CIV,23822714.0,48407761036.8238,52.02
Cote d'Ivoire,46.377105140686,40.9707936304412,1e-10,2017,CIV,24437469.0,52512343996.69,29.12
Cote d'Ivoire,47.2,45.2309952082208,83.82416961061837,2018,CIV,25069229.0,58522477786.6889,58.75
Cote d'Ivoire,89.8934173583984,46.9579539919557,51.55686798202961,2019,CIV,25717000.0,60382894697.3557,62.8
Cote d'Ivoire,89.8934173583984,45.7781156744234,64.05775440262346,2020,CIV,1e-10,63027852805.4204,66.58
Cote d'Ivoire,89.8934173583984,46.8626019328534,69.11248419764699,2021,CIV,1e-10,72794636653.7793,68.62
Cote d'Ivoire,89.8934173583984,49.510277613775,69.53144950813592,2022,CIV,1e-10,70173140101.4315,69.65
Cote d'Ivoire,89.8934173583984,50.094770107686806,64.70396214425956,2023,CIV,1e-10,78875489245.0538,68.23
Cote d'Ivoire,1e-10,1e-10,64.80143309529278,2024,CIV,1e-10,1e-10,21.6
Djibouti,1e-10,1e-10,1e-10,2014,DJI,898696.0,2214679081.25658,0.0
Djibouti,1e-10,1e-10,1e-10,2015,DJI,913993.0,2424391785.43897,0.0
Djibouti,1e-10,1e-10,1e-10,2016,DJI,929112.0,2604955228.70117,0.0
Djibouti,1e-10,1e-10,1e-10,2017,DJI,944097.0,2762581334.22612,0.0
Djibouti,1e-10,1e-10,1e-10,2018,DJI,958920.0,2913466732.12507,0.0
Djibouti,1e-10,1e-10,1e-10,2019,DJI,974000.0,3088853638.56832,0.0
Djibouti,1e-10,1e-10,1e-10,2020,DJI,1e-10,3185150981.03207,0.0
Djibouti,1e-10,1e-10,1e-10,2021,DJI,1e-10,3385825228.86997,0.0
Djibouti,1e-10,1e-10,1e-10,2022,DJI,1e-10,3674298479.07676,0.0
Djibouti,1e-10,1e-10,90.7427755959428,2023,DJI,1e-10,4098530513.55777,30.25
Djibouti,1e-10,1e-10,1e-10,2024,DJI,1e-10,1e-10,0.0
"Egypt, Arab Rep.",71.1682510375977,47.928050157178,68.68722160132798,2014,EGY,90424654.0,305595408895.265,62.59
"Egypt, Arab Rep.",71.1682510375977,49.5989486562869,61.83954576111758,2015,EGY,92442547.0,329366576819.407,60.87
"Egypt, Arab Rep.",71.1682510375977,52.31750215901161,38.73007241627292,2016,EGY,94447072.0,332441717791.411,54.07
"Egypt, Arab Rep.",74.2,53.8603247408858,66.08075445696612,2017,EGY,96442593.0,248362771739.13,64.71
"Egypt, Arab Rep.",74.2,56.9487214850889,74.75165933849286,2018,EGY,98423595.0,262588632526.73,68.63
"Egypt, Arab Rep.",74.2,55.3931464884575,56.539936388229016,2019,EGY,100388000.0,318678815489.749,62.04
"Egypt, Arab Rep.",74.2,58.6172633292285,63.49365941322035,2020,EGY,1e-10,383817841547.099,65.44
"Egypt, Arab Rep.",74.2,62.9948196554294,70.94338307537721,2021,EGY,1e-10,424671765455.704,69.38
"Egypt, Arab Rep.",82.1,66.4300867700452,70.84301620102396,2022,EGY,1e-10,476747720364.742,73.12
"Egypt, Arab Rep.",87.4,66.5669020756662,73.46667350932503,2023,EGY,1e-10,396002496996.96,75.81
"Egypt, Arab Rep.",1e-10,1e-10,81.10759432629949,2024,EGY,1e-10,1e-10,27.04
Equatorial Guinea,88.0,29.474740340203905,1e-10,2014,GNQ,1122276.0,21765453081.9826,39.16
Equatorial Guinea,88.0,27.756370214896105,1e-10,2015,GNQ,1168568.0,13185496881.0174,38.59
Equatorial Guinea,88.0,27.7177581915866,1e-10,2016,GNQ,1215179.0,11240808847.8878,38.57
Equatorial Guinea,88.0,33.0533618205771,1e-10,2017,GNQ,1262001.0,12200913878.9827,40.35
Equatorial Guinea,88.0,32.9457390262803,1e-10,2018,GNQ,1308974.0,13097012133.6159,40.32
Equatorial Guinea,88.0,35.7067518377683,1e-10,2019,GNQ,1356000.0,11364133549.7478,41.24
Equatorial Guinea,88.0,34.9003645156183,1e-10,2020,GNQ,1e-10,9893816007.7398,40.97
Equatorial Guinea,88.0,34.6371881427111,1e-10,2021,GNQ,1e-10,12215878032.7166,40.88
Equatorial Guinea,88.0,37.0474024811207,1e-10,2022,GNQ,1e-10,13687643435.6249,41.68
Equatorial Guinea,88.0,35.9894838814928,1e-10,2023,GNQ,1e-10,12337550583.754,41.33
Equatorial Guinea,1e-10,1e-10,1e-10,2024,GNQ,1e-10,1e-10,0.0
Eswatini,88.4,32.1186442915277,1e-10,2014,SWZ,1095021.0,4250545460.94523,40.17
Eswatini,88.4,33.2133269397038,1e-10,2015,SWZ,1104044.0,3878174403.5524,40.54
Eswatini,88.4,35.6800297002193,1e-10,2016,SWZ,1113984.0,3705918654.13708,41.36
Eswatini,88.4,38.406979078788,1e-10,2017,SWZ,1124753.0,4437538381.32249,42.27
Eswatini,88.4,43.0845573801073,1e-10,2018,SWZ,1136191.0,4659474399.74018,43.83
Eswatini,88.8399993896484,44.8698965534398,1e-10,2019,SWZ,1148000.0,4594818143.27624,44.57
Eswatini,89.2799987792969,46.0216312868099,1e-10,2020,SWZ,1e-10,4105756862.55271,45.1
Eswatini,89.2799987792969,48.7500474675817,1e-10,2021,SWZ,1e-10,4737671576.32851,46.01
Eswatini,89.2799987792969,50.277059251041,1e-10,2022,SWZ,1e-10,4695372785.0814,46.52
Eswatini,89.2799987792969,51.4505406105019,1e-10,2023,SWZ,1e-10,4442875788.08505,46.91
Eswatini,1e-10,1e-10,1e-10,2024,SWZ,1e-10,1e-10,0.0
Ethiopia,51.7711791992188,18.9189893533791,1e-10,2014,ETH,98094253.0,55612228233.5179,23.56
Ethiopia,51.7711791992188,22.2064053236104,1e-10,2015,ETH,100835458.0,64589328550.5953,24.66
Ethiopia,51.7711791992188,24.5134907869381,1e-10,2016,ETH,103603501.0,74296745207.8721,25.43
Ethiopia,51.7711791992188,25.865811520251995,1e-10,2017,ETH,106400024.0,81770886825.6048,25.88
Ethiopia,51.7711791992188,28.148291107661,55.90224223712072,2018,ETH,109224559.0,84269196625.8784,45.27
Ethiopia,51.7711791992188,27.198770465733503,1e-10,2019,ETH,112079000.0,95912607722.3032,26.32
Ethiopia,51.7711791992188,28.979759757282096,1e-10,2020,ETH,1e-10,107657734392.446,26.92
Ethiopia,51.7711791992188,30.1805026517379,51.43678687391656,2021,ETH,1e-10,111261882958.426,44.46
Ethiopia,51.7711791992188,33.1099968197327,50.48667594150892,2022,ETH,1e-10,126772703047.701,45.12
Ethiopia,51.7711791992188,36.3595190176762,61.621911477496816,2023,ETH,1e-10,163697927593.982,49.92
Ethiopia,1e-10,1e-10,25.028653559004876,2024,ETH,1e-10,1e-10,8.34
Gabon,84.7,38.1677996900267,1e-10,2014,GAB,1883800.0,18203966895.8433,40.96
Gabon,84.7,45.9897644103751,1e-10,2015,GAB,1947686.0,14383107762.6952,43.56
Gabon,84.7,49.4733294745353,1e-10,2016,GAB,2007873.0,14023890265.3665,44.72
Gabon,84.7,54.271177059245005,1e-10,2017,GAB,2064823.0,14929487485.1623,46.32
Gabon,84.7,56.3994202178646,76.75774999746137,2018,GAB,2119275.0,16867326401.9626,72.62
Gabon,84.9475006103516,54.60048658575501,1e-10,2019,GAB,2173000.0,16874405465.391,46.52
Gabon,85.1950012207031,53.9244357003241,1e-10,2020,GAB,1e-10,15342236163.9864,46.37
Gabon,85.4425018310547,53.6453525242844,69.45321923022293,2021,GAB,1e-10,19444935097.2395,69.51
Gabon,85.6900024414062,54.55008051207329,1e-10,2022,GAB,1e-10,20440655695.1804,46.75
Gabon,85.6900024414062,53.2785370790157,1e-10,2023,GAB,1e-10,19388402541.6698,46.32
Gabon,1e-10,1e-10,1e-10,2024,GAB,1e-10,1e-10,0.0
"Gambia, The",50.77796936035159,22.7267975710071,1e-10,2014,GMB,2024042.0,1229461721.40861,24.5
"Gambia, The",50.77796936035159,22.4920504194948,1e-10,2015,GMB,2085860.0,1378176608.93204,24.42
"Gambia, The",51.90540204729351,24.1429323190391,1e-10,2016,GMB,2149139.0,1484578885.97132,25.35
"Gambia, The",53.0328347342355,32.4225174382886,1e-10,2017,GMB,2213894.0,1504909462.69521,28.49
"Gambia, The",54.1602674211775,36.3369302884104,34.535670074454316,2018,GMB,2280102.0,1670671327.81651,41.68
"Gambia, The",55.287700108119395,31.8913722211909,1e-10,2019,GMB,2348000.0,1813609692.49994,29.06
"Gambia, The",56.41513279506141,31.472182775138503,1e-10,2020,GMB,1e-10,1812170891.19069,29.3
"Gambia, The",57.5425654820033,32.8269683216418,1e-10,2021,GMB,1e-10,2014158842.14596,30.12
"Gambia, The",58.669998168945305,33.9647168520134,1e-10,2022,GMB,1e-10,2204734527.88096,30.88
"Gambia, The",58.669998168945305,36.2510658251452,1e-10,2023,GMB,1e-10,2396111021.64149,31.64
"Gambia, The",1e-10,1e-10,1e-10,2024,GMB,1e-10,1e-10,0.0
Ghana,79.0,36.09218827068,65.7979772868122,2014,GHA,27224472.0,54783319817.3705,60.3
Ghana,79.0,37.5445969525899,52.371302681635804,2015,GHA,27849205.0,49406010054.2663,56.31
Ghana,79.0,41.4841950211293,64.41646048393066,2016,GHA,28481946.0,56164929304.8754,61.63
Ghana,79.0,46.7856836162867,60.025422183471676,2017,GHA,29121471.0,60405924078.7278,61.94
Ghana,79.0,49.5806715573623,44.298292084388216,2018,GHA,29767108.0,67298914624.3723,57.63
Ghana,79.689998626709,49.5467148538063,65.35369570466398,2019,GHA,30418000.0,68337969247.7067,64.86
Ghana,80.379997253418,50.583857775686205,44.33922255084194,2020,GHA,1e-10,70043099675.68,58.43
Ghana,80.379997253418,51.6624317499941,58.64919617800376,2021,GHA,1e-10,79524421861.2743,63.56
Ghana,80.379997253418,52.48389247163669,73.55620977593446,2022,GHA,1e-10,74263364041.8742,68.81
Ghana,80.379997253418,55.1363859223525,55.4769865989472,2023,GHA,1e-10,76370396722.154,63.66
Ghana,1e-10,1e-10,65.02161406948936,2024,GHA,1e-10,1e-10,21.67
Guinea,32.0038414001465,19.8694423096055,1e-10,2014,GIN,11150977.0,8778473372.82124,17.29
Guinea,33.9073009490967,23.4653324234532,1e-10,2015,GIN,11432088.0,8794201742.84609,19.12
Guinea,35.8107604980469,25.285015472066704,1e-10,2016,GIN,11738441.0,8595955222.49719,20.37
Guinea,37.7142200469971,26.1105950999005,1e-10,2017,GIN,12067539.0,10324668271.1362,21.27
Guinea,39.6176795959473,28.8310035706578,1e-10,2018,GIN,12414318.0,11857030366.7891,22.82
Guinea,41.5217870076497,28.6915543569781,1e-10,2019,GIN,12771000.0,13442861496.4454,23.4
Guinea,43.4258944193522,31.8154008828954,1e-10,2020,GIN,1e-10,14088693742.9464,25.08
Guinea,45.3300018310547,33.0871513975113,1e-10,2021,GIN,1e-10,17069115737.8259,26.14
Guinea,45.3300018310547,32.3067040390745,1e-10,2022,GIN,1e-10,19910452541.9219,25.88
Guinea,45.3300018310547,36.8313560003947,57.61025492260489,2023,GIN,1e-10,22199409741.2578,46.59
Guinea,1e-10,1e-10,1e-10,2024,GIN,1e-10,1e-10,0.0
Guinea-Bissau,45.5811614990234,15.662780187782,1e-10,2014,GNB,1692439.0,1135250721.0374,20.41
Guinea-Bissau,46.6210165023804,19.0371315169571,1e-10,2015,GNB,1737202.0,1152384166.79638,21.89
Guinea-Bissau,47.6608715057373,20.9791853462852,1e-10,2016,GNB,1782437.0,1245074264.10396,22.88
Guinea-Bissau,48.7007265090942,23.3888118208911,1e-10,2017,GNB,1828146.0,1469978606.12143,24.03
Guinea-Bissau,49.7405815124512,26.313134208412304,1e-10,2018,GNB,1874309.0,1554133593.91699,25.35
Guinea-Bissau,50.780436515808105,26.7133168372508,1e-10,2019,GNB,1921000.0,1588638853.59328,25.83
Guinea-Bissau,51.82029151916511,30.378935448171703,1e-10,2020,GNB,1e-10,1646400349.84867,27.4
Guinea-Bissau,52.860146522522,30.988526307450105,1e-10,2021,GNB,1e-10,1853796455.89489,27.95
Guinea-Bissau,53.900001525878906,32.5240077039293,1e-10,2022,GNB,1e-10,1796608530.82267,28.81
Guinea-Bissau,53.900001525878906,32.1148098204999,1e-10,2023,GNB,1e-10,2048348108.35852,28.67
Guinea-Bissau,1e-10,1e-10,1e-10,2024,GNB,1e-10,1e-10,0.0
Kenya,78.733039855957,34.8343454336771,65.78041286299863,2014,KEN,46699981.0,68285796514.2896,59.78
Kenya,79.4247798919678,39.7203463281226,70.09789247145463,2015,KEN,47878336.0,70120446896.8359,63.08
Kenya,80.1165199279785,45.3582148866197,72.37875450922189,2016,KEN,49051686.0,74815144163.8931,65.95
Kenya,80.8082599639893,47.6740877213411,73.23703142706408,2017,KEN,50221473.0,82036510877.2599,67.24
Kenya,81.5,51.8678657979305,69.75467458793113,2018,KEN,51393010.0,92202979985.2863,67.71
Kenya,81.8449993133545,50.1618626161668,68.80299250148616,2019,KEN,52574000.0,100378436207.371,66.94
Kenya,82.189998626709,50.913207133471,74.79378569915876,2020,KEN,1e-10,100657505750.545,69.3
Kenya,82.5349979400635,51.624316409113,73.9465788541438,2021,KEN,1e-10,109703658904.994,69.37
Kenya,82.879997253418,52.3114598615871,78.63797994459412,2022,KEN,1e-10,114448978152.637,71.28
Kenya,82.879997253418,50.65302548088761,76.02901252351734,2023,KEN,1e-10,108038588970.595,69.85
Kenya,1e-10,1e-10,77.68158855740049,2024,KEN,1e-10,1e-10,25.89
Lesotho,76.6352005004883,36.3931032431291,1e-10,2014,LSO,2043437.0,2441063054.05792,37.68
Lesotho,77.3070507049561,38.3236765278112,1e-10,2015,LSO,2059021.0,2359686724.53829,38.54
Lesotho,77.9789009094238,43.2225588020458,1e-10,2016,LSO,2075001.0,2114426452.2019,40.4
Lesotho,78.6507511138916,46.4065762852656,1e-10,2017,LSO,2091412.0,2306741672.29006,41.69
Lesotho,79.3226013183594,45.2284044542854,57.63361353255574,2018,LSO,2108132.0,2556247291.99785,60.73
Lesotho,79.9944515228271,46.4373863563773,1e-10,2019,LSO,2125000.0,2390702295.82777,42.14
Lesotho,80.6663017272949,47.0574562143927,51.32528506658961,2020,LSO,1e-10,2053699870.07191,59.68
Lesotho,81.3381519317627,46.3877842073857,1e-10,2021,LSO,1e-10,2412130056.55851,42.58
Lesotho,82.0100021362305,46.2388436335732,1e-10,2022,LSO,1e-10,2354683088.71995,42.75
Lesotho,82.0100021362305,47.2937340986677,35.99525142644009,2023,LSO,1e-10,2117962450.79469,55.1
Lesotho,1e-10,1e-10,1e-10,2024,LSO,1e-10,1e-10,0.0
Liberia,48.3013610839844,14.9942909861327,1e-10,2014,LBR,4359505.0,3225652000.0,21.1
Liberia,48.3013610839844,16.4892965025088,1e-10,2015,LBR,4472230.0,3227075700.0,21.6
Liberia,48.3013610839844,20.3360118806629,1e-10,2016,LBR,4586788.0,3398419600.0,22.88
Liberia,48.3013610839844,24.3259245054116,1e-10,2017,LBR,4702228.0,3390703400.0,24.21
Liberia,48.3013610839844,27.006464760113104,1e-10,2018,LBR,4818977.0,3422754800.0,25.1
Liberia,48.3013610839844,25.660167963604195,1e-10,2019,LBR,4937000.0,3319596500.0,24.65
Liberia,48.3013610839844,29.862059983165,1e-10,2020,LBR,1e-10,3176126300.0,26.05
Liberia,48.3013610839844,31.516057899855397,1e-10,2021,LBR,1e-10,3513049500.0,26.61
Liberia,48.3013610839844,32.1651416152435,83.38253903915849,2022,LBR,1e-10,4001047000.0,54.62
Liberia,48.3013610839844,34.9726167229061,68.33133074313604,2023,LBR,1e-10,4240000000.0,50.54
Liberia,1e-10,1e-10,1e-10,2024,LBR,1e-10,1e-10,0.0
Libya,91.0,42.1481490353349,1e-10,2014,LBY,6362037.0,57372355592.022,44.38
Libya,91.0,42.3084573710485,1e-10,2015,LBY,6418315.0,48717501321.3052,44.44
Libya,91.0,44.9768177184881,1e-10,2016,LBY,6492164.0,49912073701.298,45.33
Libya,91.0,56.09588212212861,1e-10,2017,LBY,6580724.0,67157452181.7738,49.03
Libya,91.0,56.86926845546411,1e-10,2018,LBY,6678567.0,76686029772.1483,49.29
Libya,91.0,56.9090220758444,1e-10,2019,LBY,6777000.0,69254496471.6938,49.3
Libya,91.0,55.5700133470567,1e-10,2020,LBY,1e-10,46854285440.642,48.86
Libya,91.0,56.9631954827445,1e-10,2021,LBY,1e-10,35217995647.2862,49.32
Libya,91.0,59.3122283264805,1e-10,2022,LBY,1e-10,43246297921.8499,50.1
Libya,91.0,62.0326338492027,1e-10,2023,LBY,1e-10,45096462972.4014,51.01
Libya,1e-10,1e-10,1e-10,2024,LBY,1e-10,1e-10,0.0
Madagascar,76.6796798706055,22.7484528303721,1e-10,2014,MDG,23589887.0,12522957399.2281,33.14
Madagascar,76.6796798706055,23.9019611585737,1e-10,2015,MDG,24234088.0,11323020701.3017,33.53
Madagascar,76.6796798706055,26.2745744291457,1e-10,2016,MDG,24894380.0,11848613858.442,34.32
Madagascar,76.6796798706055,27.2283374184094,1e-10,2017,MDG,25570540.0,13176313593.5509,34.64
Madagascar,76.6796798706055,34.1905053731825,1e-10,2018,MDG,26262368.0,13760033282.2925,36.96
Madagascar,76.8797607421875,30.9176982706814,1e-10,2019,MDG,26969000.0,14104664678.5063,35.93
Madagascar,77.0798416137695,29.5227868872955,1e-10,2020,MDG,1e-10,13051441203.9474,35.53
Madagascar,77.2799224853516,33.8031147988042,1e-10,2021,MDG,1e-10,14554754116.5427,37.03
Madagascar,77.4800033569336,33.8569182125022,1e-10,2022,MDG,1e-10,15134700203.0497,37.11
Madagascar,77.4800033569336,34.906026948552,72.55342650620068,2023,MDG,1e-10,15790113246.7478,61.65
Madagascar,1e-10,1e-10,78.4258391580561,2024,MDG,1e-10,1e-10,26.14
Malawi,65.1453704833984,18.3095919159117,75.23786998341156,2014,MWI,16289540.0,8801326169.14547,52.9
Malawi,62.1435394287109,20.4709189622039,1e-10,2015,MWI,16745303.0,9219474379.31534,27.54
Malawi,62.9916054861886,24.3852064874711,1e-10,2016,MWI,17205289.0,7909868618.46366,29.13
Malawi,63.8396715436663,26.4123974432544,1e-10,2017,MWI,17670260.0,8943543793.5839,30.08
Malawi,64.687737601144,30.5233012092633,1e-10,2018,MWI,18143315.0,9879231591.52434,31.74
Malawi,65.5358036586216,29.6216834159127,57.04459681766605,2019,MWI,18629000.0,11051865579.8121,50.73
Malawi,66.3838697160993,30.3123302013206,1e-10,2020,MWI,1e-10,11769313597.8545,32.23
Malawi,67.231935773577,35.4349498587955,1e-10,2021,MWI,1e-10,12378129750.9872,34.22
Malawi,68.0800018310547,35.3725478979081,1e-10,2022,MWI,1e-10,12429060150.742,34.48
Malawi,68.0800018310547,36.8892000868201,1e-10,2023,MWI,1e-10,12712150082.0792,34.99
Malawi,1e-10,1e-10,69.46790042602726,2024,MWI,1e-10,1e-10,23.16
Mali,33.0688896179199,20.9238196133437,1e-10,2014,MLI,16934220.0,14364937124.0727,18.0
Mali,33.0688896179199,20.8538120995095,1e-10,2015,MLI,17438778.0,13104764378.326,17.97
Mali,33.8705164591471,23.053847606505,61.424631554553,2016,MLI,17965429.0,14026048335.7047,39.45
Mali,34.6721433003743,26.751223621218003,1e-10,2017,MLI,18512394.0,15365713048.1993,20.47
Mali,35.4737701416016,28.918090289980704,39.61945820254791,2018,MLI,19077690.0,17070867589.9055,34.67
Mali,33.1175899505615,28.9695788215988,44.01678239450624,2019,MLI,19658000.0,17280250810.0321,35.37
Mali,30.761409759521495,36.3065536992036,1e-10,2020,MLI,1e-10,17465392764.3706,22.36
Mali,30.761409759521495,38.7252941702698,60.68186306079618,2021,MLI,1e-10,19309463508.0377,43.39
Mali,30.761409759521495,36.5015429843917,46.74956545590294,2022,MLI,1e-10,18780322203.7584,38.0
Mali,30.761409759521495,34.5175827391975,44.11490603896696,2023,MLI,1e-10,20661794596.0873,36.46
Mali,1e-10,1e-10,1e-10,2024,MLI,1e-10,1e-10,0.0
Mauritania,53.5,21.3823617478775,1e-10,2014,MRT,3930896.0,6592537781.81518,24.96
Mauritania,53.5,24.0245735064494,1e-10,2015,MRT,4046301.0,6166863896.68677,25.84
Mauritania,53.5,28.2789769436594,72.08001888887956,2016,MRT,4163534.0,6398747592.13185,51.29
Mauritania,53.5,29.029133452086995,1e-10,2017,MRT,4282574.0,6800135898.28827,27.51
Mauritania,56.8649997711182,32.5549371523746,1e-10,2018,MRT,4403319.0,7473550557.07378,29.81
Mauritania,60.2299995422363,35.1196034613466,1e-10,2019,MRT,4526000.0,7894764885.82312,31.78
Mauritania,63.59499931335449,36.3450988891556,1e-10,2020,MRT,1e-10,8260752385.23089,33.31
Mauritania,66.9599990844727,31.7274552817199,1e-10,2021,MRT,1e-10,9222536364.01272,32.9
Mauritania,66.9599990844727,33.4675768114165,1e-10,2022,MRT,1e-10,9557966698.25369,33.48
Mauritania,66.9599990844727,37.4986928090732,1e-10,2023,MRT,1e-10,10651709411.4594,34.82
Mauritania,1e-10,1e-10,72.6803457141517,2024,MRT,1e-10,1e-10,24.23
Mauritius,92.4747619628906,52.47045279517341,81.242404626745,2014,MUS,1260934.0,13074129952.0532,75.4
Mauritius,92.7076034545898,57.1347664045551,83.8838626519196,2015,MUS,1262605.0,12007291045.6489,77.91
Mauritius,93.1578369140625,61.0461529681369,88.51160712205777,2016,MUS,1263473.0,12594155464.4136,80.91
Mauritius,92.2289184570313,64.6849425657549,71.23759307550351,2017,MUS,1264613.0,13713506130.6081,76.05
Mauritius,91.3,64.8275978681295,77.13511708814457,2018,MUS,1265303.0,14735695930.9727,77.75
Mauritius,91.5833338419596,65.7079869510055,78.7796810068178,2019,MUS,1268000.0,14436346979.6355,78.69
Mauritius,91.8666676839193,66.5124641639609,87.47222375081178,2020,MUS,1e-10,11408106446.3144,81.95
Mauritius,92.1500015258789,67.2965195979687,80.4721489559397,2021,MUS,1e-10,11484348857.8529,79.97
Mauritius,92.1500015258789,67.9303192671244,89.98350206989085,2022,MUS,1e-10,12927979286.0453,83.35
Mauritius,92.1500015258789,69.3012689509272,70.77389021058973,2023,MUS,1e-10,14644524819.0054,77.41
Mauritius,1e-10,1e-10,91.2063857266753,2024,MUS,1e-10,1e-10,30.4
Morocco,75.5861968994141,43.438844858306,53.91731301725805,2014,MAR,34192347.0,119130841411.664,57.65
Morocco,75.1396476745605,47.7567302530331,53.74550978627168,2015,MAR,34663603.0,110413823841.592,58.88
Morocco,74.693098449707,52.3854966526753,56.674546455869866,2016,MAR,35126296.0,111572947004.917,61.25
Morocco,74.2465492248535,55.4454064873241,1e-10,2017,MAR,35581294.0,118540573367.844,43.23
Morocco,73.8,58.5318777466155,1e-10,2018,MAR,36029138.0,127341147581.818,44.11
Morocco,74.6874996185303,60.0417717935145,71.16887945124421,2019,MAR,36472000.0,128920266409.458,68.63
Morocco,75.5749992370606,61.2169275274198,69.84887303469594,2020,MAR,1e-10,121353645057.144,68.88
Morocco,76.4624988555908,59.2984345497931,55.714500087694915,2021,MAR,1e-10,142022058447.231,63.83
Morocco,77.3499984741211,62.3437188484364,43.899924141425636,2022,MAR,1e-10,130951926351.241,61.2
Morocco,77.3499984741211,62.029145173885006,68.21028702528136,2023,MAR,1e-10,144417103249.646,69.2
Morocco,1e-10,1e-10,68.44255591398344,2024,MAR,1e-10,1e-10,22.81
Mozambique,56.03900146484379,21.9903096565579,1e-10,2014,MOZ,26286163.0,17978246586.0662,26.01
Mozambique,56.03900146484379,22.6987060063786,1e-10,2015,MOZ,27042002.0,16208985769.615,26.25
Mozambique,58.3472156524658,27.6258177515915,1e-10,2016,MOZ,27829942.0,12069051237.1711,28.66
Mozambique,60.65542984008789,32.3915488228264,1e-10,2017,MOZ,28649007.0,13264640645.7768,31.02
Mozambique,60.363489786783894,30.3112175688289,1e-10,2018,MOZ,29495962.0,15017358952.8452,30.22
Mozambique,60.0715497334798,32.0026677531096,1e-10,2019,MOZ,30366000.0,15512759046.672,30.69
Mozambique,59.7796096801758,33.2371830088566,1e-10,2020,MOZ,1e-10,14235420174.1884,31.01
Mozambique,59.7796096801758,34.5653965179163,1e-10,2021,MOZ,1e-10,16168055475.4449,31.45
Mozambique,59.7796096801758,36.0410614266504,67.37431605415458,2022,MOZ,1e-10,18883528581.3734,54.4
Mozambique,59.7796096801758,39.3296621733983,1e-10,2023,MOZ,1e-10,20954220983.5473,33.04
Mozambique,1e-10,1e-10,1e-10,2024,MOZ,1e-10,1e-10,0.0
Namibia,91.5,42.2760677335041,1e-10,2014,NAM,2273430.0,12435430969.6301,44.59
Namibia,91.5,42.7374258622214,1e-10,2015,NAM,2314904.0,11335161083.5061,44.75
Namibia,91.5,45.9696602728699,1e-10,2016,NAM,2358041.0,10722018732.0936,45.82
Namibia,91.5,48.20451804122,1e-10,2017,NAM,2402603.0,12895153370.9132,46.57
Namibia,91.5,48.6420763381634,1e-10,2018,NAM,2448255.0,13682019076.4022,46.71
Namibia,91.75,48.5513583310275,44.675748750481894,2019,NAM,2495000.0,12541928303.48,61.66
Namibia,92.0,48.0370613207302,1e-10,2020,NAM,1e-10,10583748541.5258,46.68
Namibia,92.25,46.1835590951445,1e-10,2021,NAM,1e-10,12402486183.6396,46.14
Namibia,92.25,48.3041897474313,37.88484372788118,2022,NAM,1e-10,12567271004.6761,59.48
Namibia,92.25,51.6237954574241,21.911004677946245,2023,NAM,1e-10,12351025066.9131,55.26
Namibia,1e-10,1e-10,1e-10,2024,NAM,1e-10,1e-10,0.0
Niger,38.0999984741211,14.3995759042893,1e-10,2014,NER,19240157.0,10862943543.5419,17.5
Niger,38.0999984741211,15.2626101837238,1e-10,2015,NER,20001663.0,9683867926.44282,17.79
Niger,38.0999984741211,16.8824998533157,1e-10,2016,NER,20788838.0,10398861981.7583,18.33
Niger,38.0999984741211,17.810792307886,1e-10,2017,NER,21602472.0,11185104251.6943,18.64
Niger,38.0999984741211,18.0083898746687,1e-10,2018,NER,22442948.0,12837307496.8821,18.7
Niger,38.0999984741211,18.425683189556,1e-10,2019,NER,23311000.0,12889555561.2299,18.84
Niger,38.0999984741211,19.7951999863141,1e-10,2020,NER,1e-10,13744653103.058,19.3
Niger,38.0999984741211,21.6545054727322,1e-10,2021,NER,1e-10,14915002436.069,19.92
Niger,38.0999984741211,23.7380923614342,1e-10,2022,NER,1e-10,15433852712.2963,20.61
Niger,38.0999984741211,28.6648106047504,1e-10,2023,NER,1e-10,16819170420.5653,22.25
Niger,1e-10,1e-10,1e-10,2024,NER,1e-10,1e-10,0.0
Nigeria,62.01601028442379,36.7979676130782,61.6603837909335,2014,NGA,176404902.0,574183763411.508,53.49
Nigeria,62.01601028442379,37.9441705531763,58.549473077991856,2015,NGA,181137448.0,493026682800.63,52.84
Nigeria,62.01601028442379,41.9077391870026,57.62843587924083,2016,NGA,185960289.0,404649125252.16,53.85
Nigeria,62.01601028442379,46.9980633200473,68.23949237593384,2017,NGA,190873311.0,375745731053.427,59.08
Nigeria,62.01601028442379,48.2695195927815,69.38847901431907,2018,NGA,195874740.0,421739251509.08,59.89
Nigeria,62.01601028442379,48.5599269948945,73.56349028566552,2019,NGA,200964000.0,474517490844.461,61.38
Nigeria,62.01601028442379,53.71494555274581,66.8080678313781,2020,NGA,1e-10,432198898467.795,60.85
Nigeria,62.01601028442379,53.09500866104311,73.0437949873226,2021,NGA,1e-10,440833635873.827,62.72
Nigeria,62.01601028442379,54.415916739444,76.32408170693454,2022,NGA,1e-10,477403400101.174,64.25
Nigeria,62.01601028442379,52.6254428768741,74.4443121876445,2023,NGA,1e-10,363846332834.618,63.03
Nigeria,1e-10,1e-10,85.63596878446353,2024,NGA,1e-10,1e-10,28.55
Rwanda,70.8041305541992,36.0502726147943,32.97925442210825,2014,RWA,11083635.0,8238966063.86692,46.61
Rwanda,71.4069957733154,38.2992078495139,44.45256751651724,2015,RWA,11369071.0,8543759677.58157,51.39
Rwanda,72.0098609924316,37.8250874276141,1e-10,2016,RWA,11668818.0,8695272300.91019,36.61
Rwanda,72.6127262115479,42.0976134350038,1e-10,2017,RWA,11980937.0,9252834336.49492,38.24
Rwanda,73.2155914306641,44.9847556902329,43.963885566405395,2018,RWA,12301939.0,9637904655.17446,54.05
Rwanda,74.6024894714355,39.6021789099719,49.55571156168322,2019,RWA,12627000.0,10349300380.33,54.59
Rwanda,75.989387512207,41.9980587344337,1e-10,2020,RWA,1e-10,10174387374.3478,39.33
Rwanda,77.3762855529785,41.4885999273734,46.43771826677355,2021,RWA,1e-10,11069280649.6459,55.1
Rwanda,78.76318359375,43.1169344055862,44.89914297062049,2022,RWA,1e-10,13316160895.0447,55.59
Rwanda,78.76318359375,46.0617454864587,82.06937194063984,2023,RWA,1e-10,14097768472.1883,68.96
Rwanda,1e-10,1e-10,1e-10,2024,RWA,1e-10,1e-10,0.0
Senegal,51.900421142578104,30.7802623688332,1e-10,2014,SEN,14174731.0,19797253440.2679,27.56
Senegal,51.900421142578104,32.9346699635968,1e-10,2015,SEN,14578459.0,17774766696.1759,28.28
Senegal,51.900421142578104,36.5632119359893,1e-10,2016,SEN,14993528.0,19040312333.1864,29.49
Senegal,51.900421142578104,44.3844718039839,59.4386554005147,2017,SEN,15419381.0,20996562943.5979,51.91
Senegal,53.0543365478516,44.6000526319503,1e-10,2018,SEN,15854360.0,23116701556.1381,32.55
Senegal,54.208251953125,46.1791586165394,57.12564636553865,2019,SEN,16296000.0,23403995992.1354,52.5
Senegal,55.36216735839841,47.3286438399534,62.45870669419882,2020,SEN,1e-10,24530513037.7518,55.05
Senegal,56.5160827636719,49.0871895960349,81.14143610743159,2021,SEN,1e-10,27520784129.7508,62.25
Senegal,57.669998168945305,47.2760276384531,76.47984976507132,2022,SEN,1e-10,27619479059.6131,60.48
Senegal,57.669998168945305,48.1848921155282,63.9172838272549,2023,SEN,1e-10,30848333083.7055,56.59
Senegal,1e-10,1e-10,73.79252513945593,2024,SEN,1e-10,1e-10,24.6
Seychelles,95.9,54.65174824427999,1e-10,2014,SYC,91359.0,1387577870.08161,50.18
Seychelles,95.9,58.16073176253169,45.67662222812455,2015,SYC,93419.0,1432403352.12944,66.58
Seychelles,95.9,63.3704263182971,65.84992119629729,2016,SYC,94677.0,1568513348.14463,75.04
Seychelles,95.9,67.8644912312123,77.293682870235,2017,SYC,95843.0,1675370641.01416,80.35
Seychelles,95.9,68.5879378790549,83.23372316813109,2018,SYC,96762.0,1784313926.76807,82.57
Seychelles,96.0499984741211,69.8511193586259,78.73883316700542,2019,SYC,97000.0,1868690096.73454,81.55
Seychelles,96.1999969482422,68.5018843152081,80.89070872959445,2020,SYC,1e-10,1382551751.56908,81.86
Seychelles,96.1999969482422,67.7882008696712,90.94675477623102,2021,SYC,1e-10,1487173794.80528,84.98
Seychelles,96.1999969482422,68.4043279836471,99.29826902590965,2022,SYC,1e-10,2057968519.83091,87.97
Seychelles,96.1999969482422,69.2676270834078,90.35600229001632,2023,SYC,1e-10,2141450171.13932,85.27
Seychelles,1e-10,1e-10,83.02922989629926,2024,SYC,1e-10,1e-10,27.68
Sierra Leone,43.2,16.3574650406121,1e-10,2014,SLE,7017144.0,7845456215.27807,19.85
Sierra Leone,43.2,17.2772424354982,1e-10,2015,SLE,7171914.0,6651626733.64854,20.16
Sierra Leone,43.2,21.2805102400579,1e-10,2016,SLE,7328838.0,6042615859.61074,21.49
Sierra Leone,43.2,23.7936524627416,75.60310001093616,2017,SLE,7488431.0,5818480351.63706,47.53
Sierra Leone,43.2,29.221050580719798,59.749038544720825,2018,SLE,7650154.0,6390514688.52816,44.06
Sierra Leone,44.5599998474121,30.351899502475398,59.5068432002972,2019,SLE,7813000.0,6523577590.38319,44.81
Sierra Leone,45.9199996948242,32.226424434677,66.90130262519646,2020,SLE,1e-10,6688594757.62129,48.35
Sierra Leone,47.2799995422363,34.5229642905577,1e-10,2021,SLE,1e-10,7165214367.64956,27.27
Sierra Leone,48.6399993896484,37.1160447970251,66.34325320040354,2022,SLE,1e-10,7119137321.90082,50.7
Sierra Leone,48.6399993896484,38.8777604976269,1e-10,2023,SLE,1e-10,6411869546.28929,29.17
Sierra Leone,1e-10,1e-10,1e-10,2024,SLE,1e-10,1e-10,0.0
Somalia,41.0250015258789,20.354486953126,1e-10,2014,SOM,13423576.0,5728399710.56333,20.46
Somalia,41.0250015258789,21.7275215005513,1e-10,2015,SOM,13797201.0,6152149080.00168,20.92
Somalia,41.0250015258789,22.2426801763934,1e-10,2016,SOM,14185613.0,6613743089.99932,21.09
Somalia,41.0250015258789,19.5898618237691,1e-10,2017,SOM,14589119.0,7621501720.00021,20.2
Somalia,41.0250015258789,21.7338837043506,1e-10,2018,SOM,15008154.0,7873440838.36559,20.92
Somalia,41.0250015258789,28.317816551230095,1e-10,2019,SOM,15443000.0,8655023960.002,23.11
Somalia,41.0250015258789,30.5163117446886,1e-10,2020,SOM,1e-10,8628393719.99922,23.85
Somalia,41.0250015258789,33.6714194474527,51.54122161543192,2021,SOM,1e-10,9483997404.25227,42.08
Somalia,41.0250015258789,32.6820986682489,37.282117447973604,2022,SOM,1e-10,10202767269.9603,37.0
Somalia,41.0250015258789,34.5609935777979,40.970685252322106,2023,SOM,1e-10,10968517090.0004,38.85
Somalia,1e-10,1e-10,1e-10,2024,SOM,1e-10,1e-10,0.0
South Africa,94.1399002075195,56.1669446021262,58.41900076657283,2014,ZAF,54545991.0,381198869776.106,69.58
South Africa,94.367919921875,59.0832727182862,58.10268145801681,2015,ZAF,55386367.0,346709790458.563,70.52
South Africa,90.7072944641113,63.276260296733,65.21226816349296,2016,ZAF,56203654.0,323585509674.481,73.07
South Africa,87.0466690063477,65.5714825570131,60.466219492105026,2017,ZAF,57000451.0,381448814653.456,71.03
South Africa,91.0348205566406,66.17625860814,68.21928930075198,2018,ZAF,57779622.0,405260723892.517,75.14
South Africa,95.0229721069336,64.1462393453516,67.67483343465295,2019,ZAF,58558000.0,389330032224.269,75.61
South Africa,92.5121650695801,65.7507862518578,69.72838282813214,2020,ZAF,1e-10,337974655408.055,76.0
South Africa,90.0013580322266,64.6200799363048,79.50748680555526,2021,ZAF,1e-10,420886877628.703,78.04
South Africa,90.0013580322266,67.8229850873654,67.4584074736497,2022,ZAF,1e-10,406920004594.074,75.09
South Africa,90.0013580322266,69.5309875385419,77.12217965629713,2023,ZAF,1e-10,380699271814.508,78.88
South Africa,1e-10,1e-10,73.71897080338778,2024,ZAF,1e-10,1e-10,24.57
South Sudan,34.5227584838867,10.9177221456904,1e-10,2014,SSD,1e-10,13962212847.4576,15.15
South Sudan,34.5227584838867,12.0183109329966,1e-10,2015,SSD,1e-10,11997800760.2242,15.51
South Sudan,34.5227584838867,12.792502002150199,1e-10,2016,SSD,1e-10,1e-10,15.77
South Sudan,34.5227584838867,9.77539622908964,1e-10,2017,SSD,1e-10,1e-10,14.77
South Sudan,34.5227584838867,9.38955517748808,1e-10,2018,SSD,1e-10,1e-10,14.64
South Sudan,34.5227584838867,7.17596616045154,1e-10,2019,SSD,1e-10,1e-10,13.9
South Sudan,34.5227584838867,8.07864227863493,1e-10,2020,SSD,1e-10,1e-10,14.2
South Sudan,34.5227584838867,8.0872976632314,1e-10,2021,SSD,1e-10,1e-10,14.2
South Sudan,34.5227584838867,8.8609622574581,1e-10,2022,SSD,1e-10,1e-10,14.46
South Sudan,34.5227584838867,10.4144090107936,1e-10,2023,SSD,1e-10,1e-10,14.98
South Sudan,1e-10,1e-10,1e-10,2024,SSD,1e-10,1e-10,0.0
Sudan,60.6971817016602,26.147213177999102,1e-10,2014,SDN,37977655.0,49516748617.9775,28.95
Sudan,60.6971817016602,26.1705668397213,1e-10,2015,SDN,38902950.0,51726758676.7677,28.96
Sudan,60.6971817016602,29.777215519177496,1e-10,2016,SDN,39847440.0,42630376000.0,30.16
Sudan,60.6971817016602,29.225667911383095,1e-10,2017,SDN,40813396.0,41283617976.1905,29.97
Sudan,60.6971817016602,27.944273158328,1e-10,2018,SDN,41801533.0,32333780383.2924,29.55
Sudan,60.6971817016602,28.9876466094092,1e-10,2019,SDN,42813000.0,32338079165.2893,29.89
Sudan,60.6971817016602,31.2873403366172,1e-10,2020,SDN,1e-10,27034593750.0,30.66
Sudan,60.6971817016602,32.0771435929396,1e-10,2021,SDN,1e-10,34229513774.9936,30.92
Sudan,60.6971817016602,32.0149114743759,1e-10,2022,SDN,1e-10,51666875363.0963,30.9
Sudan,60.6971817016602,29.29058488572,1e-10,2023,SDN,1e-10,109265503110.904,30.0
Sudan,1e-10,1e-10,1e-10,2024,SDN,1e-10,1e-10,0.0
Tanzania,77.8872299194336,29.5108596137986,1e-10,2014,TZA,49959822.0,49986726460.6805,35.8
Tanzania,77.8872299194336,31.1137819961863,64.31177290086623,2015,TZA,51482633.0,47413919817.124,57.77
Tanzania,78.4776251656669,34.6984630739454,54.78185665887464,2016,TZA,53050790.0,49774409374.4538,55.99
Tanzania,79.0680204119001,38.2401411462611,43.528860310235686,2017,TZA,54663906.0,53274884532.7886,53.61
Tanzania,79.6584156581334,40.1480839247394,48.95894799340842,2018,TZA,56318348.0,57003712892.0858,56.26
Tanzania,80.2488109043666,40.5457810704233,57.63412403209814,2019,TZA,58005000.0,61026731925.9213,59.48
Tanzania,80.8392061505999,43.8883256496265,68.59676339111421,2020,TZA,1e-10,66068737786.0639,64.44
Tanzania,81.4296013968331,44.7892527655303,44.64007459357291,2021,TZA,1e-10,70655628147.8986,56.95
Tanzania,82.0199966430664,46.5007341156339,72.49598076787689,2022,TZA,1e-10,75769974505.0106,67.01
Tanzania,82.0199966430664,43.861034069242,52.28893654639229,2023,TZA,1e-10,79062403820.892,59.39
Tanzania,1e-10,1e-10,72.29283056844902,2024,TZA,1e-10,1e-10,24.1
Togo,63.7456207275391,20.6513869160234,94.69181273943909,2014,TGO,7137997.0,6393318261.82712,59.7
Togo,63.7456207275391,23.1228865314313,92.4606004969035,2015,TGO,7323158.0,5755461035.38026,59.78
Togo,64.4434852600098,28.8392603921152,92.19632818592477,2016,TGO,7509952.0,6071170959.12093,61.83
Togo,65.1413497924805,29.096302055734295,73.85025585576508,2017,TGO,7698475.0,6387422517.69225,56.03
Togo,65.8392143249512,32.7727867411231,80.77078875100958,2018,TGO,7889094.0,7029300383.08031,59.79
Togo,66.5370788574219,34.5111091304347,75.27034653559124,2019,TGO,8082000.0,6992700101.37188,58.77
Togo,66.5370788574219,38.2454697479469,64.11080377871224,2020,TGO,1e-10,7400284167.78479,56.3
Togo,66.5370788574219,35.8806328356615,92.65697658686473,2021,TGO,1e-10,8342243645.94438,65.02
Togo,66.5370788574219,38.2223310349867,78.5085069826598,2022,TGO,1e-10,8169476148.95692,61.09
Togo,66.5370788574219,41.6271789184687,90.91842585626507,2023,TGO,1e-10,9171261837.57103,66.36
Togo,1e-10,1e-10,97.53614296666726,2024,TGO,1e-10,1e-10,32.51
Tunisia,79.0364303588867,43.1270545745567,1e-10,2014,TUN,11063201.0,50271812920.612,40.72
Tunisia,79.3386596679688,46.5603144349512,1e-10,2015,TUN,11179949.0,45779494041.9295,41.97
Tunisia,79.6408889770508,54.0911652144733,1e-10,2016,TUN,11303946.0,44360072680.4476,44.58
Tunisia,79.9431182861328,57.534815706470695,63.48908450661395,2017,TUN,11433443.0,42163530590.9462,66.99
Tunisia,80.2453475952148,59.88741719310819,70.5790969701219,2018,TUN,11565204.0,42686504459.801,70.24
Tunisia,80.5475769042969,59.452277231990806,65.53085411344242,2019,TUN,11695000.0,41905642418.825,68.51
Tunisia,80.5475769042969,59.292425358232705,42.96067880647738,2020,TUN,1e-10,42491780918.361,60.93
Tunisia,80.5475769042969,60.3624650611007,38.66532673961247,2021,TUN,1e-10,46812290143.344,59.86
Tunisia,80.5475769042969,61.3622474756307,63.23409751928965,2022,TUN,1e-10,44579761022.8993,68.38
Tunisia,80.5475769042969,63.3092276888055,80.37170268044649,2023,TUN,1e-10,48529595416.6533,74.74
Tunisia,1e-10,1e-10,62.36581517352363,2024,TUN,1e-10,1e-10,20.79
Uganda,76.5274963378906,31.3648197151772,1e-10,2014,UGA,36912148.0,32612397257.4458,35.96
Uganda,76.5274963378906,34.2731065014357,49.129887472655845,2015,UGA,38225453.0,32387183730.1002,53.31
Uganda,76.5274963378906,34.9358553630758,71.74511785497619,2016,UGA,39647506.0,29203988696.2626,61.07
Uganda,76.5274963378906,38.1546689172003,45.12001286086895,2017,UGA,41162465.0,30744473841.424,53.27
Uganda,76.5274963378906,37.3529093970744,67.94953231984779,2018,UGA,42723139.0,32927025619.6795,60.61
Uganda,77.5431213378906,36.0944529628965,65.11581588671275,2019,UGA,44270000.0,35348155095.4215,59.58
Uganda,78.5587463378906,39.5187279165582,58.825481182652325,2020,UGA,1e-10,37600368241.6657,58.97
Uganda,79.5743713378906,42.5075468453529,66.1447489166494,2021,UGA,1e-10,40529788748.6737,62.74
Uganda,80.5899963378906,44.9851966607956,66.90941481256883,2022,UGA,1e-10,45565333210.9108,64.16
Uganda,80.5899963378906,42.2743838644017,54.348683956834755,2023,UGA,1e-10,48768955863.3175,59.07
Uganda,1e-10,1e-10,42.064151745793176,2024,UGA,1e-10,1e-10,14.02
Zambia,86.7,23.1220198691522,8.15273766629585,2014,ZMB,15399753.0,27141023558.0829,39.32
Zambia,86.7,25.689157804433798,30.42514333679327,2015,ZMB,15879361.0,21251216798.7762,47.6
Zambia,86.7,29.0210457639878,40.83802653363244,2016,ZMB,16363507.0,20958412538.3093,52.19
Zambia,86.7,32.2609883782143,43.21483871065554,2017,ZMB,16853688.0,25873601260.8353,54.06
Zambia,86.7,37.0435131039337,49.42223796202929,2018,ZMB,17351822.0,26311507273.6735,57.72
Zambia,87.1,36.8743284292077,54.55360128461702,2019,ZMB,17861000.0,23308667781.2258,59.51
Zambia,87.5,41.4378549662622,52.89188310313494,2020,ZMB,1e-10,18137764930.651,60.61
Zambia,87.5,43.5343733630148,58.57680838915847,2021,ZMB,1e-10,22096416932.0089,63.2
Zambia,87.5,45.9668944347369,72.30741236970871,2022,ZMB,1e-10,29163782140.4858,68.59
Zambia,87.5,44.7766624795747,61.008299510014716,2023,ZMB,1e-10,27577956471.244,64.43
Zambia,1e-10,1e-10,62.4936889143896,2024,ZMB,1e-10,1e-10,20.83
Zimbabwe,88.6934204101562,28.9244511613625,64.63705628096551,2014,ZWE,13586681.0,19495519600.0,60.75
Zimbabwe,88.8379926681519,29.992934259465905,29.957231259195932,2015,ZWE,13814629.0,19963120600.0,49.6
Zimbabwe,88.9825649261475,34.624243326681,52.23530000783532,2016,ZWE,14030390.0,20548678100.0,58.61
Zimbabwe,89.1271371841431,36.9613135551261,1e-10,2017,ZWE,14236745.0,51074660513.3715,42.03
Zimbabwe,89.2717094421387,42.6175597338786,68.9239354429126,2018,ZWE,14439018.0,34156069918.0609,66.94
Zimbabwe,89.4162817001343,29.474299605650202,62.737387206098916,2019,ZWE,14645000.0,25717409842.4479,60.54
Zimbabwe,89.5608539581299,34.8075866087736,1e-10,2020,ZWE,1e-10,26867936444.6826,41.46
Zimbabwe,89.7054262161255,38.4950364627397,35.211000217911355,2021,ZWE,1e-10,27240515108.8049,54.47
Zimbabwe,89.8499984741211,39.1140672529675,66.66785701693107,2022,ZWE,1e-10,32789751736.3323,65.21
Zimbabwe,89.8499984741211,41.5358230181678,29.903066788649348,2023,ZWE,1e-10,35231367885.8554,53.76
Zimbabwe,1e-10,1e-10,74.1298774587276,2024,ZWE,1e-10,1e-10,24.71
